,GDP Per Capita,Consumer Confidence Index,Debt to GDP Ratio,Inflation Rate,Issued Building Permits,Homeownership Rate,Capacity Utilization Index,Federal Surplus to GDP Ratio,Business Confidence Index,Unemployment Rate,Federal Funds Rate
2024,67333.63417890528,73.93658210947888,121.49257265353845,5.606570493991967,1778.5074543836236,65.44018691588784,79.53569393635956,-7.063648624833036,100.13611034712947,2.8189586114818894,3.1018635959056837
